<?xml version="1.0" encoding="UTF-8"?>
<beans:beans xmlns="http://www.springframework.org/schema/mvc"
    xmlns:xsi="http://www.w3.org/2001/XMLSchema-instance"
    xmlns:beans="http://www.springframework.org/schema/beans"
    xmlns:context="http://www.springframework.org/schema/context"
    xmlns:aop="http://www.springframework.org/schema/aop"
    xmlns:websocket="http://www.springframework.org/schema/websocket"
    xsi:schemaLocation="http://www.springframework.org/schema/mvc https://www.springframework.org/schema/mvc/spring-mvc.xsd
        http://www.springframework.org/schema/beans https://www.springframework.org/schema/beans/spring-beans.xsd
        http://www.springframework.org/schema/context https://www.springframework.org/schema/context/spring-context.xsd
        http://www.springframework.org/schema/aop http://www.springframework.org/schema/aop/spring-aop-4.3.xsd
        http://www.springframework.org/schema/websocket http://www.springframework.org/schema/websocket/spring-websocket.xsd">
        
    <!-- Enables the Spring MVC @Controller programming model -->
    <annotation-driven />
    
    <!-- Handles HTTP GET requests for /resources/** by efficiently serving up static resources -->
    <resources mapping="/resources/**" location="/resources/" />
    
    <!-- Resolves views selected for rendering by @Controllers to .jsp resources -->
    <beans:bean class="org.springframework.web.servlet.view.InternalResourceViewResolver">
        <beans:property name="prefix" value="/WEB-INF/views/" />
        <beans:property name="suffix" value=".jsp" />
    </beans:bean>
    
    <!-- AOP 자동 프록시 -->
    <aop:aspectj-autoproxy />
    
    <!-- 컨트롤러만 스캔 (Service는 root-context.xml에서 처리) -->
    <context:component-scan base-package="net.koreate.hellking" use-default-filters="false">
        <context:include-filter type="annotation" expression="org.springframework.stereotype.Controller"/>
    </context:component-scan>

    <!-- 업로드 디렉토리 설정 -->
    <beans:bean id="uploadDir" class="java.lang.String">
        <beans:constructor-arg value="C:\\Temp\\upload"/>
    </beans:bean>
    
    <beans:bean id="uploadPath" class="java.lang.String">
        <beans:constructor-arg value="uploads"/>
    </beans:bean>
    
    <!-- 파일 업로드 해결자 -->
    <beans:bean id="multipartResolver"
         class="org.springframework.web.multipart.commons.CommonsMultipartResolver">
         <beans:property name="maxUploadSize" value="10485760"/>
         <beans:property name="defaultEncoding" value="UTF-8"/>
    </beans:bean>
    
    <!-- WebSocket 핸들러 등록 -->
    <beans:bean id="qrWebSocketHandler" class="net.koreate.hellking.qr.websocket.QRWebSocketHandler"/>
    
    <!-- WebSocket 핸들러 매핑 -->
    <websocket:handlers>
        <websocket:mapping path="/ws/qr" handler="qrWebSocketHandler"/>
        <websocket:sockjs/>
    </websocket:handlers>
    
</beans:beans>